"film_id","title","rating"
537,"Lover Truman","G"
542,"Lust Lock","G"
212,"Darn Forrester","G"
4,"Affair Prejudice","G"
216,"Day Unfaithful","G"
554,"Malkovich Pet","G"
217,"Dazed Punk","G"
224,"Desperate Trainspotting","G"
559,"Married Go","G"
226,"Destiny Saturday","G"
567,"Meet Chocolate","G"
569,"Menagerie Rushmore","G"
574,"Midnight Westward","G"
575,"Midsummer Groundhog","G"
230,"Diary Panic","G"
89,"Borrowers Bedazzled","G"
581,"Minority Kiss","G"
585,"Mob Duffel","G"
237,"Divorce Shining","G"
238,"Doctor Grail","G"
239,"Dogma Family","G"
247,"Downhill Enough","G"
249,"Dracula Crystal","G"
593,"Monterey Labyrinth","G"
5,"African Egg","G"
597,"Moonwalker Fool","G"
598,"Mosquito Armageddon","G"
257,"Drumline Cyclone","G"
43,"Atlantis Cause","G"
260,"Dude Blindness","G"
604,"Mulan Moon","G"
261,"Duffel Apocalypse","G"
264,"Dwarfs Alter","G"
271,"Easy Gladiator","G"
609,"Muscle Bright","G"
95,"Breakfast Goldfinger","G"
612,"Mussolini Spoilers","G"
97,"Bride Intrigue","G"
622,"Newsies Story","G"
46,"Autumn Crow","G"
280,"Empire Malkovich","G"
626,"Noon Papi","G"
281,"Encino Elf","G"
631,"Novocaine Flight","G"
289,"Eve Resurrection","G"
50,"Baked Cleopatra","G"
292,"Excitement Eve","G"
638,"Operation Operation","G"
293,"Exorcist Sting","G"
104,"Bugsy Song","G"
297,"Extraordinary Conquerer","G"
650,"Pacific Amistad","G"
653,"Panic Club","G"
654,"Panky Submarine","G"
302,"Fantasia Park","G"
304,"Fargo Gandhi","G"
106,"Bulworth Commandments","G"
107,"Bunch Minds","G"
109,"Butterfly Chocolat","G"
313,"Fidelity Devil","G"
119,"Caper Motions","G"
318,"Firehouse Vietnam","G"
678,"Pickup Driving","G"
322,"Flatliners Killer","G"
126,"Casualties Encino","G"
52,"Ballroom Mockingbird","G"
123,"Casablanca Super","G"
127,"Cat Coneheads","G"
692,"Potluck Mixed","G"
128,"Catch Amistad","G"
55,"Barbarella Streetcar","G"
697,"Primary Glass","G"
350,"Garden Island","G"
702,"Pulp Beverly","G"
56,"Barefoot Manchurian","G"
354,"Ghost Groundhog","G"
357,"Gilbert Pelican","G"
58,"Beach Heartbreakers","G"
718,"Rebel Airport","G"
360,"Glass Dying","G"
366,"Goldfinger Sensibility","G"
154,"Clash Freddy","G"
732,"Rings Heartbreakers","G"
737,"Rock Instinct","G"
371,"Gosford Donnie","G"
373,"Graduate Lord","G"
757,"Sagebrush Clueless","G"
758,"Saints Bride","G"
760,"Samurai Lion","G"
61,"Beauty Grease","G"
762,"Sassy Packer","G"
763,"Satisfaction Confidential","G"
764,"Saturday Lambs","G"
770,"Scissorhands Slums","G"
376,"Grapes Fury","G"
377,"Grease Youth","G"
2,"Ace Goldfinger","G"
778,"Secrets Paradise","G"
140,"Cheaper Clyde","G"
387,"Gun Bonnie","G"
396,"Hanging Deep","G"
399,"Happiness United","G"
787,"Shining Roses","G"
794,"Side Ark","G"
402,"Harper Dying","G"
22,"Amistad Midsummer","G"
805,"Sleepless Monsoon","G"
409,"Heartbreakers Bright","G"
25,"Angels Life","G"
811,"Smile Earring","G"
412,"Heavyweights Beast","G"
816,"Snowman Rollercoaster","G"
828,"Spiking Element","G"
26,"Annie Identity","G"
834,"Spoilers Hellfighters","G"
417,"Hills Neighbors","G"
419,"Hocus Frida","G"
145,"Chisum Behavior","G"
146,"Chitty Lock","G"
430,"Hook Chariots","G"
848,"Stone Fire","G"
853,"Stranger Strangers","G"
431,"Hoosiers Birdcage","G"
860,"Suicides Silence","G"
862,"Summer Scarface","G"
75,"Bird Independence","G"
440,"Hunger Roof","G"
153,"Citizen Shrek","G"
445,"Hyde Doctor","G"
891,"Timberland Sky","G"
873,"Sweethearts Suspects","G"
156,"Clerks Angels","G"
77,"Birds Perdition","G"
878,"Teen Apollo","G"
467,"Intrigue Worst","G"
165,"Coldblooded Darling","G"
166,"Color Philadelphia","G"
472,"Italian African","G"
475,"Japanese Run","G"
178,"Connection Microcosmos","G"
897,"Torque Bound","G"
901,"Tracy Cider","G"
478,"Jaws Harry","G"
903,"Traffic Hobbit","G"
179,"Conquerer Nuts","G"
908,"Trap Guys","G"
182,"Control Anthem","G"
11,"Alamo Videotape","G"
490,"Jumanji Blade","G"
915,"Truman Crazy","G"
916,"Turn Star","G"
80,"Blanket Beverly","G"
919,"Tycoon Gathering","G"
920,"Unbreakable Karate","G"
497,"Kill Brotherhood","G"
193,"Crossroads Casualties","G"
932,"Valley Packer","G"
82,"Blood Argonauts","G"
510,"Lawless Vision","G"
954,"Wake Jaws","G"
196,"Cruelty Unforgiven","G"
957,"War Notting","G"
958,"Wardrobe Phantom","G"
959,"Warlock Werewolf","G"
960,"Wars Pluto","G"
83,"Blues Instinct","G"
202,"Daddy Pittsburgh","G"
964,"Waterfront Deliverance","G"
965,"Watership Frontier","G"
519,"Liberty Magnificent","G"
968,"Werewolf Lola","G"
969,"West Lion","G"
203,"Daisy Menagerie","G"
39,"Armageddon Lost","G"
529,"Lonely Elephant","G"
206,"Dancing Fever","G"
85,"Bonnie Holocaust","G"
996,"Young Language","G"
912,"Trojan Tomorrow","PG"
914,"Trouble Date","PG"
918,"Twisted Pirates","PG"
924,"Unforgiven Zoolander","PG"
928,"Uptown Young","PG"
950,"Volume House","PG"
952,"Wagon Jaws","PG"
955,"Walls Artist","PG"
962,"Wasteland Divine","PG"
963,"Watch Tracy","PG"
966,"Wedding Apollo","PG"
980,"Wizard Coldblooded","PG"
983,"Won Dares","PG"
985,"Wonderland Christmas","PG"
987,"Words Hunter","PG"
991,"Worst Banger","PG"
874,"Tadpole Park","PG"
6,"Agent Truman","PG"
12,"Alaska Phantom","PG"
13,"Ali Forever","PG"
19,"Amadeus Holy","PG"
37,"Arizona Bang","PG"
41,"Arsenic Independence","PG"
265,"Dying Maker","PG"
63,"Bedazzled Married","PG"
65,"Behavior Runaway","PG"
72,"Bill Others","PG"
74,"Birch Antitrust","PG"
78,"Blackout Private","PG"
84,"Boiled Dares","PG"
88,"Born Spinal","PG"
91,"Bound Cheaper","PG"
93,"Brannigan Sunrise","PG"
99,"Bringing Hysterical","PG"
103,"Bucket Brotherhood","PG"
121,"Carol Texas","PG"
122,"Carrie Bunch","PG"
131,"Center Dinosaur","PG"
132,"Chainsaw Uptown","PG"
134,"Champion Flatliners","PG"
137,"Charade Duffel","PG"
139,"Chasing Fight","PG"
142,"Chicken Hellfighters","PG"
143,"Chill Luck","PG"
144,"Chinatown Gladiator","PG"
150,"Cider Desire","PG"
164,"Coast Rainbow","PG"
185,"Cowboy Doom","PG"
188,"Crazy Home","PG"
194,"Crow Grease","PG"
201,"Cyclone Family","PG"
204,"Dalmations Sweden","PG"
207,"Dangerous Uptown","PG"
215,"Dawn Pond","PG"
233,"Disciple Mother","PG"
252,"Dream Pickup","PG"
258,"Drums Dynamite","PG"
273,"Effect Gladiator","PG"
274,"Egg Igby","PG"
275,"Egypt Tenenbaums","PG"
290,"Everyone Craft","PG"
295,"Expendable Stallion","PG"
305,"Fatal Haunted","PG"
308,"Ferris Mother","PG"
311,"Fiction Christmas","PG"
317,"Fireball Philadelphia","PG"
327,"Fool Mockingbird","PG"
336,"French Holiday","PG"
338,"Frisco Forrest","PG"
341,"Frost Head","PG"
343,"Full Flatliners","PG"
345,"Gables Metropolis","PG"
351,"Gaslight Crusade","PG"
359,"Gladiator Westward","PG"
369,"Goodfellas Salute","PG"
374,"Graffiti Love","PG"
380,"Greek Everyone","PG"
382,"Grit Clockwork","PG"
404,"Hate Handicap","PG"
410,"Heaven Freedom","PG"
414,"Hellfighters Sierra","PG"
420,"Holes Brannigan","PG"
423,"Hollywood Anonymous","PG"
433,"Horn Working","PG"
443,"Hurricane Affair","PG"
446,"Hysterical Grail","PG"
463,"Instinct Airport","PG"
468,"Invasion Cyclone","PG"
469,"Iron Moon","PG"
477,"Jawbreaker Brooklyn","PG"
479,"Jedi Beneath","PG"
481,"Jekyll Frogmen","PG"
485,"Jersey Sassy","PG"
495,"Kentuckian Giant","PG"
753,"Rush Goodfellas","PG"
506,"Lady Stage","PG"
515,"Legally Secretary","PG"
516,"Legend Jedi","PG"
518,"Liaisons Sweet","PG"
524,"Lion Uncut","PG"
527,"Lola Agent","PG"
532,"Loser Hustler","PG"
536,"Lovely Jingle","PG"
547,"Magic Mallrats","PG"
551,"Maiden Home","PG"
552,"Majestic Floats","PG"
555,"Mallrats United","PG"
557,"Manchurian Curtain","PG"
564,"Massage Image","PG"
576,"Mighty Luck","PG"
577,"Mile Mulan","PG"
586,"Mockingbird Hollywood","PG"
589,"Modern Dorado","PG"
590,"Money Harold","PG"
591,"Monsoon Cause","PG"
592,"Monster Spartacus","PG"
595,"Moon Bunch","PG"
600,"Motions Details","PG"
602,"Mourning Purple","PG"
603,"Movie Shakespeare","PG"
605,"Mulholland Beast","PG"
607,"Muppet Mile","PG"
608,"Murder Antitrust","PG"
611,"Musketeers Wait","PG"
618,"Necklace Outbreak","PG"
623,"Newton Labyrinth","PG"
624,"Nightmare Chill","PG"
628,"Northwest Polish","PG"
635,"Oklahoma Jumanji","PG"
636,"Oleander Clue","PG"
637,"Open African","PG"
639,"Opposite Necklace","PG"
644,"Oscar Gold","PG"
645,"Others Soup","PG"
656,"Papi Necklace","PG"
660,"Party Knock","PG"
662,"Paths Control","PG"
664,"Patriot Roman","PG"
665,"Patton Interview","PG"
668,"Peak Forever","PG"
670,"Pelican Comforts","PG"
674,"Pet Haunting","PG"
679,"Pilot Hoosiers","PG"
680,"Pinocchio Simon","PG"
681,"Pirates Roxanne","PG"
688,"Polish Brooklyn","PG"
689,"Pollock Deliverance","PG"
693,"Potter Connecticut","PG"
695,"President Bang","PG"
699,"Private Drop","PG"
703,"Punk Divorce","PG"
706,"Queen Luke","PG"
713,"Rainbow Shock","PG"
715,"Range Moonwalker","PG"
719,"Records Zorro","PG"
727,"Resurrection Silverado","PG"
729,"Rider Caddyshack","PG"
743,"Room Roman","PG"
755,"Sabrina Midnight","PG"
761,"Santa Paris","PG"
772,"Sea Virgin","PG"
776,"Secret Groundhog","PG"
777,"Secretary Rouge","PG"
780,"Sensibility Rear","PG"
783,"Shane Darkness","PG"
784,"Shanghai Tycoon","PG"
785,"Shawshank Bubble","PG"
798,"Silverado Goldfinger","PG"
802,"Sky Miracle","PG"
806,"Sleepy Japanese","PG"
810,"Slums Duck","PG"
814,"Snatch Slipper","PG"
832,"Splash Gump","PG"
836,"Squad Fish","PG"
837,"Stage World","PG"
841,"Star Operation","PG"
844,"Steers Armageddon","PG"
847,"Stock Glass","PG"
859,"Sugar Wonka","PG"
867,"Super Wyoming","PG"
868,"Superfly Trip","PG"
869,"Suspects Quills","PG"
871,"Sweden Shining","PG"
1,"Academy Dinosaur","PG"
875,"Talented Homicide","PG"
879,"Telegraph Voyage","PG"
881,"Temple Attraction","PG"
883,"Tequila Past","PG"
893,"Titans Jerk","PG"
894,"Tomatoes Hellfighters","PG"
896,"Tootsie Pilot","PG"
902,"Trading Pinocchio","PG"
906,"Tramp Others","PG"
910,"Treatment Jekyll","PG"
